<?xml version="1.0" encoding="UTF-8"?> 
 <trees>
     <tree path="/container/garray" title="切片类" extension="" presentableText="" tooltipTitle="" icon="" textColor=""
           backgroundColor=""/>
     <tree path="/container/glist" title="链表类" extension="" presentableText="" tooltipTitle="" icon="" textColor=""
           backgroundColor=""/>
     <tree path="/container/gmap" title="map类"/>
     <tree path="/container/gpool" title="对象复用类" extension="" presentableText="" tooltipTitle="" icon="" textColor=""
           backgroundColor=""/>
     <tree path="/container/gqueue" title="队列类"/>
    <tree path="/container/gqueue/gqueue.go" title="方法"/>

     <tree path="/container/gset" title="集合类"/>
     <tree path="/container/gtree" title="树形类"/>
     <tree path="/container/gtype" title="安全变量类"/>
     <tree path="/core/gvar" title="泛型类"/>
    <tree path="/core/gvar/gvar.go" title="方法"/>
    <tree path="/core/gvar/gvar_is.go" title="判断"/>
    <tree path="/core/gvar/gvar_list.go" title="列表"/>
    <tree path="/core/gvar/gvar_map.go" title="Map"/>
    <tree path="/core/gvar/gvar_slice.go" title="数组"/>
    <tree path="/core/gvar/gvar_struct.go" title="结构"/>
    
    
     <tree path="/contrib/drivers" title="数据库驱动" extension="" presentableText="" tooltipTitle="" icon=""
           textColor="" backgroundColor=""/>
    <tree path="/crypto/gaes" title="加密aes类" extension="" presentableText="" tooltipTitle="" icon="" textColor=""
          backgroundColor=""/>
    <tree path="/crypto/gcrc32" title="加密crc32类" extension="" presentableText="" tooltipTitle="" icon="" textColor=""
          backgroundColor=""/>
    <tree path="/crypto/gdes" title="加密des类" extension="" presentableText="" tooltipTitle="" icon="" textColor=""
          backgroundColor=""/>
    <tree path="/crypto/gdes/gdes.go" title="方法"/>

    <tree path="/crypto/gmd5" title="加密md5类" extension="" presentableText="" tooltipTitle="" icon="" textColor=""
          backgroundColor=""/>
    <tree path="/crypto/gmd5/gmd5.go" title="方法"/>
    <tree path="/crypto/gsha1" title="加密sha1类" extension="" presentableText="" tooltipTitle="" icon="" textColor=""
          backgroundColor=""/>
    <tree path="/crypto" title="加密解密" extension="" presentableText="" tooltipTitle="" icon="" textColor=""
          backgroundColor=""/>
    <tree path="/database/gdb" title="DB类"/>
    <tree path="/database/gdb/gdb_model_builder.go" title="模型_组合条件"/>
    <tree path="/database/gdb/gdb_model.go" title="模型"/>
    <tree path="/database/gdb/gdb_model_builder_where.go" title="模型_组合条件"/>
    <tree path="/database/gdb/gdb_model_builder_where_prefix.go" title="模型_带前缀组合条件" extension="" presentableText=""
          tooltipTitle="" icon="" textColor="" backgroundColor=""/>
    <tree path="/database/gdb/gdb_model_builder_whereor.go" title="模型_组合条件或"/>
    <tree path="/database/gdb/gdb_model_builder_whereor_prefix.go" title="模型_组合条件或带前缀"/>
    <tree path="/database/gdb/gdb_model_cache.go" title="模型_缓存"/>
    <tree path="/database/gdb/gdb_model_delete.go" title="模型_删除"/>
    <tree path="/database/gdb/gdb_model_join.go" title="模型_连接"/>
    <tree path="/database/gdb/gdb_model_lock.go" title="模型_锁"/>
    <tree path="/database/gdb/gdb_model_time.go" title="模型_时间"/>
    <tree path="/database/gdb/gdb_model_transaction.go" title="模型_事务"/>
    <tree path="/database/gdb/gdb_model_update.go" title="模型_更新"/>
    <tree path="/database/gdb/gdb_model_where.go" title="模型_条件"/>
    <tree path="/database/gdb/gdb_model_whereor.go" title="模型_条件或"/>
    <tree path="/database/gdb/gdb_model_whereor_prefix.go" title="模型_条件或且加前缀"/>
    <tree path="/database/gdb/gdb_model_hook.go" title="模型_Hook"/>
    <tree path="/database/gdb/gdb_result.go" title="模型_执行结果"/>
    <tree path="/database/gdb/gdb_type_record.go" title="模型_查询转换" extension="" presentableText="" tooltipTitle=""
          icon="" textColor="" backgroundColor=""/>
    <tree path="/database/gdb/gdb_type_result.go" title="模型_行记录" extension="" presentableText="" tooltipTitle=""
          icon="" textColor="" backgroundColor=""/>
    <tree path="/database/gdb/gdb_type_result_scanlist.go" title="模型_行记录转换"/>
    <tree path="/database/gdb/gdb_model_insert.go" title="模型_插入"/>
    <tree path="/database/gdb/gdb_model_fields.go" title="模型_字段过滤与追加" extension="" presentableText=""
          tooltipTitle="" icon="" textColor="" backgroundColor=""/>
    <tree path="/database/gdb/gdb_model_option.go" title="模型_过滤"/>
    <tree path="/database/gdb/gdb_model_order_group.go" title="模型_分组与排序"/>
    <tree path="/database/gdb/gdb_model_select.go" title="模型_查询"/>
    <tree path="/database/gdb/gdb_model_utility.go" title="模型_表字段信息"/>
    <tree path="/database/gdb/gdb_model_where_prefix.go" title="模型_带前缀条件"/>
    <tree path="/database/gdb/gdb_schema.go" title="模型_切换数据库"/>
    <tree path="/database/gdb/gdb_statement.go" title="模型_参数预处理" extension="" presentableText="" tooltipTitle=""
          icon="" textColor="" backgroundColor=""/>
    <tree path="/database/gdb/gdb_core_ctx.go" title="内部"/>
    <tree path="/database/gdb/gdb_core_config.go" title="配置"/>
    <tree path="/database/gdb/gdb_core.go" title="基础方法"/>
    <tree path="/database/gdb/gdb.go" title="接口"/>
    <tree path="/database/gdb/gdb_core_structure.go" title="字段信息"/>
    <tree path="/database/gdb/gdb_core_trace.go" title="内部"/>
    <tree path="/database/gdb/gdb_core_link.go" title="数据库链接"/>
    <tree path="/database/gdb/gdb_core_transaction.go" title="事务"/>
    <tree path="/database/gdb/gdb_driver_default.go" title="驱动"/>
    <tree path="/database/gdb/gdb_driver_wrapper.go" title="驱动"/>
    <tree path="/database/gdb/gdb_driver_wrapper_db.go" title="驱动"/>
    <tree path="/database/gdb/gdb_core_underlying.go" title="原生sql"/>
    <tree path="/database/gdb/gdb_func.go" title="常用方法"/>
    <tree path="/database/gdb/gdb_model_with.go" title="模型_关联对象"/>
    <tree path="/database/gdb/gdb_core_utility.go" title="基础方法" extension="" presentableText="" tooltipTitle="" icon=""
          textColor="" backgroundColor=""/>
    
    
    <tree path="/database/gredis" title="redis类"/>
    <tree path="/encoding/gbase64" title="编码base64类"/>
    <tree path="/encoding/gcharset" title="编码字符集类"/>
    <tree path="/encoding/gcompress" title="压缩类"/>
    <tree path="/encoding/ghtml" title="html类"/>
    <tree path="/encoding/gini" title="ini类"/>
    <tree path="/encoding/gjson" title="json类"/>
    <tree path="/encoding/gjson/gjson_api_config.go" title="配置"/>
    <tree path="/encoding/gjson/gjson_api_encoding.go" title="编码"/>
    <tree path="/encoding/gjson/gjson_api_new_load.go" title="创建"/>
    <tree path="/encoding/gjson/gjson_implements.go" title="接口"/>
    <tree path="/encoding/gjson/gjson_stdlib_json_util.go" title="实用方法"/>
    <tree path="/encoding/gjson/gjson_api.go" title="方法"/>
    <tree path="/encoding/gjson/gjson.go" title="内部"/>
    
    <tree path="/encoding/gurl" title="url类"/>
    <tree path="/encoding/gurl/url.go" title="方法"/>


    <tree path="/errors/gcode" title="错误码类"/>
    <tree path="/errors/gerror" title="错误类"/>
    <tree path="/frame" title="常用对象" extension="" presentableText="" tooltipTitle="" icon="" textColor=""
          backgroundColor=""/>
    <tree path="/i18n/gi18n" title="多语言类"/>
    <tree path="/i18n" title="国际化多语言" extension="" presentableText="" tooltipTitle="" icon="" textColor=""
          backgroundColor=""/>
    <tree path="/net/gclient" title="网页类"/>
    <tree path="/net/gclient/gclient.go" title="创建"/>
    <tree path="/net/gclient/gclient_bytes.go" title="字节集"/>
    <tree path="/net/gclient/gclient_var.go" title="泛型类"/>
    <tree path="/net/gclient/gclient_chain.go" title="链式方法" extension="" presentableText="" tooltipTitle="" icon=""
          textColor="" backgroundColor=""/>
    <tree path="/net/gclient/gclient_config.go" title="配置"/>
    <tree path="/net/gclient/gclient_content.go" title="文本"/>
    <tree path="/net/gclient/gclient_discovery.go" title="内部"/>
    <tree path="/net/gclient/gclient_dump.go" title="响应"/>
    <tree path="/net/gclient/gclient_middleware.go" title="中间件"/>
    <tree path="/net/gclient/gclient_request.go" title="请求"/>
    <tree path="/net/gclient/gclient_request_obj.go" title="请求"/>
    <tree path="/net/gclient/gclient_response.go" title="响应"/>
    <tree path="/net/gclient/gclient_tracing.go" title="内部"/>
    <tree path="/net/gclient/gclient_tracing_tracer.go" title="内部"/>
    
    
    <tree path="/net/ghttp" title="http类"/>
    <tree path="/net/ghttp/ghttp_func.go" title="公共方法" extension="" presentableText="" tooltipTitle="" icon=""
          textColor="" backgroundColor=""/>
    <tree path="/net/ghttp/ghttp_middleware_cors.go" title="中间件函数_跨域" extension="" presentableText=""
          tooltipTitle="" icon="" textColor="" backgroundColor=""/>
    <tree path="/net/ghttp/ghttp_middleware_handler_response.go" title="中间件函数_错误输出" extension=""
          presentableText="" tooltipTitle="" icon="" textColor="" backgroundColor=""/>
    <tree path="/net/ghttp/ghttp_middleware_json_body.go" title="中间件函数_json判断" extension="" presentableText=""
          tooltipTitle="" icon="" textColor="" backgroundColor=""/>
    <tree path="/net/ghttp/ghttp_middleware_tracing.go" title="中间件_内部" extension="" presentableText=""
          tooltipTitle="" icon="" textColor="" backgroundColor=""/>
    <tree path="/net/ghttp/ghttp_request.go" title="请求"/>
    <tree path="/net/ghttp/ghttp_request_auth.go" title="请求_认证" extension="" presentableText="" tooltipTitle=""
          icon="" textColor="" backgroundColor=""/>
    <tree path="/net/ghttp/ghttp_request_middleware.go" title="请求_中间件"/>
    <tree path="/net/ghttp/ghttp_request_param.go" title="请求_所有参数" extension="" presentableText=""
          tooltipTitle="" icon="" textColor="" backgroundColor=""/>
    <tree path="/net/ghttp/ghttp_request_param_ctx.go" title="请求_上下文"/>
    <tree path="/net/ghttp/ghttp.go" title="结构体"/>
    <tree path="/net/ghttp/ghttp_request_param_file.go" title="请求_上传文件"/>
    <tree path="/net/ghttp/ghttp_request_param_form.go" title="请求_表单参数" extension="" presentableText=""
          tooltipTitle="" icon="" textColor="" backgroundColor=""/>
    <tree path="/net/ghttp/ghttp_request_param_page.go" title="请求_分页"/>
    <tree path="/net/ghttp/ghttp_request_param_param.go" title="请求_自定义参数" extension="" presentableText=""
          tooltipTitle="" icon="" textColor="" backgroundColor=""/>
    <tree path="/net/ghttp/ghttp_request_param_query.go" title="请求_查询参数" extension="" presentableText=""
          tooltipTitle="" icon="" textColor="" backgroundColor=""/>
    <tree path="/net/ghttp/ghttp_request_param_request.go" title="请求_所有参数"/>
    <tree path="/net/ghttp/ghttp_request_param_router.go" title="请求_路由器"/>
    <tree path="/net/ghttp/ghttp_request_view.go" title="请求_模板"/>
    <tree path="/net/ghttp/ghttp_response.go" title="响应" extension="" presentableText="" tooltipTitle=""
          icon="" textColor="" backgroundColor=""/>
    <tree path="/net/ghttp/ghttp_response_cors.go" title="响应_跨域"/>
    <tree path="/net/ghttp/ghttp_response_view.go" title="响应_模板"/>
    <tree path="/net/ghttp/ghttp_response_write.go" title="响应_缓冲区"/>
    <tree path="/net/ghttp/ghttp_response_writer.go" title="响应_基础响应器"/>
    <tree path="/net/ghttp/ghttp_server.go" title="服务"/>
    <tree path="/net/ghttp/ghttp_server_admin.go" title="服务_平滑重启"/>
    <tree path="/net/ghttp/ghttp_server_admin_process.go" title="服务_平滑重启"/>
    <tree path="/net/ghttp/ghttp_server_admin_unix.go" title="服务_内部"/>
    <tree path="/net/ghttp/ghttp_server_admin_windows.go" title="服务_内部"/>
    <tree path="/net/ghttp/ghttp_server_config.go" title="服务_配置"/>
    <tree path="/net/ghttp/ghttp_server_websocket.go" title="服务_内部"/>
    <tree path="/net/ghttp/ghttp_server_swagger.go" title="服务_内部"/>
    <tree path="/net/ghttp/ghttp_server_session.go" title="服务_内部"/>
    <tree path="/net/ghttp/ghttp_server_router.go" title="服务_内部"/>
    <tree path="/net/ghttp/ghttp_server_registry.go" title="服务_内部"/>
    <tree path="/net/ghttp/ghttp_server_openapi.go" title="服务_内部"/>
    <tree path="/net/ghttp/ghttp_server_log.go" title="服务_内部"/>
    <tree path="/net/ghttp/ghttp_server_config_cookie.go" title="服务_配置Cookie" extension="" presentableText=""
          tooltipTitle="" icon="" textColor="" backgroundColor=""/>
    <tree path="/net/ghttp/ghttp_server_config_logging.go" title="服务_配置日志" extension="" presentableText=""
          tooltipTitle="" icon="" textColor="" backgroundColor=""/>
    <tree path="/net/ghttp/ghttp_server_config_mess.go" title="服务_配置其他"/>
    <tree path="/net/ghttp/ghttp_server_config_route.go" title="服务_配置路由" extension="" presentableText=""
          tooltipTitle="" icon="" textColor="" backgroundColor=""/>
    <tree path="/net/ghttp/ghttp_server_config_session.go" title="服务器_配置Session"/>
    <tree path="/net/ghttp/ghttp_server_config_static.go" title="服务_配置静态文件"/>
    <tree path="/net/ghttp/ghttp_server_cookie.go" title="服务_Cookie"/>
    <tree path="/net/ghttp/ghttp_server_domain.go" title="服务_域名路由" extension="" presentableText=""
          tooltipTitle="" icon="" textColor="" backgroundColor=""/>
    <tree path="/net/ghttp/ghttp_server_error_logger.go" title="服务_日志"/>
    <tree path="/net/ghttp/ghttp_server_plugin.go" title="服务_插件"/>
    <tree path="/net/ghttp/ghttp_server_graceful.go" title="服务_内部"/>
    <tree path="/net/ghttp/ghttp_server_pprof.go" title="服务_PProf"/>
    <tree path="/net/ghttp/ghttp_server_router_group.go" title="服务_路由分组"/>
    <tree path="/net/ghttp/ghttp_server_router_hook.go" title="服务_路由Hook" extension="" presentableText=""
          tooltipTitle="" icon="" textColor="" backgroundColor=""/>
    <tree path="/net/ghttp/ghttp_server_router_middleware.go" title="服务_路由中间件"/>
    <tree path="/net/ghttp/ghttp_server_service_handler.go" title="服务_路由"/>
    <tree path="/net/ghttp/ghttp_server_service_object.go" title="服务_路由"/>
    <tree path="/net/ghttp/ghttp_server_status.go" title="服务_路由"/>
    
    
    <tree path="/os/gcache" title="缓存类"/>
    <tree path="/os/gcache/gcache_adapter_memory.go" title="内存适配器"/>
    <tree path="/os/gcache/gcache_adapter.go" title="适配器"/>
    <tree path="/os/gcache/gcache_adapter_memory_data.go" title="内存适配器"/>
    <tree path="/os/gcache/gcache_adapter_memory_expire_sets.go" title="内存适配器"/>
    <tree path="/os/gcache/gcache_adapter_memory_expire_times.go" title="内存适配器"/>
    <tree path="/os/gcache/gcache_adapter_memory_item.go" title="内存适配器"/>
    <tree path="/os/gcache/gcache_adapter_memory_lru.go" title="内存适配器"/>
    <tree path="/os/gcache/gcache_adapter_redis.go" title="Redis缓存方法" extension="" presentableText=""
          tooltipTitle="" icon="" textColor="" backgroundColor=""/>
    <tree path="/os/gcache/gcache.go" title="单例方法"/>
    <tree path="/os/gcache/gcache_cache.go" title="方法"/>
    <tree path="/os/gcache/gcache_cache_must.go" title="方法"/>
    
    <tree path="/os/gcfg" title="配置类"/>
    <tree path="/os/gcfg/gcfg.go" title="方法" />
    <tree path="/os/gcfg/gcfg_adapter_file_path.go" title="适配器"/>
    <tree path="/os/gcfg/gcfg_adapter_file_content.go" title="适配器"/>
    <tree path="/os/gcfg/gcfg_adapter_file.go" title="适配器"/>
    <tree path="/os/gcfg/gcfg_adaper.go" title="适配器"/>
    <tree path="/os/gcfg/gcfg_adapter_content.go" title="适配器"/>
    <tree path="/os/gcmd" title="cmd类"/>
    <tree path="/os/gctx" title="上下文类"/>
    <tree path="/os/genv" title="环境变量类"/>
    <tree path="/os/genv/genv_must.go" title="方法"/>
    <tree path="/os/genv/genv.go" title="方法"/>
    
    <tree path="/os/gfile" title="文件类"/>
    <tree path="/os/gfile/gfile.go" title="方法"/>
    <tree path="/os/gfile/gfile_cache.go" title="缓存"/>
    <tree path="/os/gfile/gfile_contents.go" title="读写"/>
    <tree path="/os/gfile/gfile_copy.go" title="复制"/>
    <tree path="/os/gfile/gfile_home.go" title="用户目录"/>
    <tree path="/os/gfile/gfile_replace.go" title="替换"/>
    <tree path="/os/gfile/gfile_scan.go" title="枚举"/>
    <tree path="/os/gfile/gfile_search.go" title="查找"/>
    <tree path="/os/gfile/gfile_size.go" title="大小"/>
    <tree path="/os/gfile/gfile_sort.go" title="排序"/>
    <tree path="/os/gfile/gfile_time.go" title="时间"/>
    
    
    <tree path="/os/gfsnotify" title="文件监控类"/>
    <tree path="/os/glog" title="日志类"/>
    <tree path="/os/glog/glog_api.go" title="全局对象方法"/>
    <tree path="/os/glog/glog_chaining.go" title="全局链式方法"/>
    <tree path="/os/glog/glog_config.go" title="全局对象配置"/>
    <tree path="/os/glog/glog_instance.go" title="单例对象"/>
    <tree path="/os/glog/glog_logger.go" title="创建" extension="" presentableText="" tooltipTitle="" icon=""
          textColor="" backgroundColor=""/>
    <tree path="/os/glog/glog_logger_api.go" title="方法" extension="" presentableText="" tooltipTitle="" icon=""
          textColor="" backgroundColor=""/>
    <tree path="/os/glog/glog_logger_chaining.go" title="方法" extension="" presentableText="" tooltipTitle=""
          icon="" textColor="" backgroundColor=""/>
    <tree path="/os/glog/glog_logger_color.go" title="内部"/>
    <tree path="/os/glog/glog_logger_config.go" title="配置" extension="" presentableText="" tooltipTitle="" icon=""
          textColor="" backgroundColor=""/>
    <tree path="/os/glog/glog_logger_handler.go" title="中间件"/>
    <tree path="/os/glog/glog_logger_handler_json.go" title="中间件"/>
    <tree path="/os/glog/glog_logger_handler_structure.go" title="中间件"/>
    <tree path="/os/glog/glog_logger_level.go" title="输出方法" extension="" presentableText="" tooltipTitle=""
          icon="" textColor="" backgroundColor=""/>
    <tree path="/os/glog/glog_logger_rotate.go" title="文件分割"/>
    <tree path="/os/glog/glog_logger_writer.go" title="Writer接口"/>
    
    
    <tree path="/os/gmlock" title="内存锁类"/>
    <tree path="/os/gmlock/gmlock.go" title="单例方法"/>
    <tree path="/os/gmlock/gmlock_locker.go" title="方法"/>
    
    <tree path="/os/gmutex" title="互斥锁类"/>
    <tree path="/os/grpool" title="协程类"/>
    <tree path="/os/gtime" title="时间类"/>
    <tree path="/os/gtime/gtime.go" title="方法"/>
    <tree path="/os/gtime/gtime_format.go" title="格式化"/>
    <tree path="/os/gtime/gtime_time.go" title="方法"/>
    <tree path="/os/gtime/gtime_sql.go" title="方法"/>
    <tree path="/os/gtime/gtime_time_zone.go" title="时区"/>
    <tree path="/os/gtime/gtime_time_wrapper.go" title="方法包装"/>

    <tree path="/os/gtimer/gtimer.go" title="单例方法" extension="" presentableText="" tooltipTitle="" icon=""
          textColor="" backgroundColor=""/>
    <tree path="/os/gtimer/gtimer_entry.go" title="任务"/>
    <tree path="/os/gtimer/gtimer_exit.go" title="任务"/>
    <tree path="/os/gtimer/gtimer_queue.go" title="内部"/>
    <tree path="/os/gtimer/gtimer_queue_heap.go" title="内部"/>
    <tree path="/os/gtimer/gtimer_timer.go" title="方法" extension="" presentableText="" tooltipTitle="" icon=""
          textColor="" backgroundColor=""/>
    <tree path="/os/gtimer/gtimer_timer_loop.go" title="内部"/>
    
    
    <tree path="/os/gtimer" title="定时类"/>
    <tree path="/os/gview" title="模板类"/>
    <tree path="/text/gregex" title="正则类"/>
    <tree path="/text/gregex/gregex_cache.go" title="内部"/>
    <tree path="/text/gregex/gregex.go" title="方法"/>


    <tree path="/text/gstr" title="文本类"/>
    <tree path="/text/gstr/gstr.go" title="内部"/>
    <tree path="/text/gstr/gstr_case.go" title="命名"/>
    <tree path="/text/gstr/gstr_similar.go" title="比较"/>
    <tree path="/text/gstr/gstr_array.go" title="数组"/>
    <tree path="/text/gstr/gstr_compare.go" title="比较"/>
    <tree path="/text/gstr/gstr_contain.go" title="是否包含"/>
    <tree path="/text/gstr/gstr_convert.go" title="转换"/>
    <tree path="/text/gstr/gstr_count.go" title="统计"/>
    <tree path="/text/gstr/gstr_domain.go" title="域名"/>
    <tree path="/text/gstr/gstr_is.go" title="判断"/>
    <tree path="/text/gstr/gstr_length.go" title="长度"/>
    <tree path="/text/gstr/gstr_parse.go" title="参数解析"/>
    <tree path="/text/gstr/gstr_pos.go" title="查找"/>
    <tree path="/text/gstr/gstr_replace.go" title="替换"/>
    <tree path="/text/gstr/gstr_slashes.go" title="转义"/>
    <tree path="/text/gstr/gstr_split_join.go" title="分割连接"/>
    <tree path="/text/gstr/gstr_sub.go" title="子文本截取"/>
    <tree path="/text/gstr/gstr_trim.go" title="过滤"/>
    <tree path="/text/gstr/gstr_upper_lower.go" title="大小写转换"/>
    <tree path="/text/gstr/gstr_version.go" title="版本号"/>
    <tree path="/text/gstr/gstr_create.go" title="生成文本"/>
    <tree path="/text/gstr/gstr_list.go" title="分割"/>
    
    <tree path="/util/gconv" title="转换类"/>
    <tree path="/util/gconv/gconv.go" title="基础类型转换" extension="" presentableText="" tooltipTitle="" icon=""
          textColor="" backgroundColor=""/>
    <tree path="/util/gconv/gconv_convert.go" title="底层方法" extension="" presentableText="" tooltipTitle="" icon=""
          textColor="" backgroundColor=""/>
    <tree path="/util/gconv/gconv_converter.go" title="自定义转换器"/>
    <tree path="/util/gconv/gconv_float.go" title="小数"/>
    <tree path="/util/gconv/gconv_int.go" title="整数"/>
    <tree path="/util/gconv/gconv_map.go" title="Map"/>
    <tree path="/util/gconv/gconv_maps.go" title="Map数组"/>
    <tree path="/util/gconv/gconv_ptr.go" title="指针"/>
    <tree path="/util/gconv/gconv_slice_any.go" title="数组"/>
    <tree path="/util/gconv/gconv_slice_float.go" title="小数数组" extension="" presentableText="" tooltipTitle=""
          icon="" textColor="" backgroundColor=""/>
    <tree path="/util/gconv/gconv_slice_int.go" title="整数数组" extension="" presentableText="" tooltipTitle="" icon=""
          textColor="" backgroundColor=""/>
    <tree path="/util/gconv/gconv_slice_str.go" title="文本数组" extension="" presentableText="" tooltipTitle="" icon=""
          textColor="" backgroundColor=""/>
    <tree path="/util/gconv/gconv_slice_uint.go" title="无符号整数数组" extension="" presentableText="" tooltipTitle=""
          icon="" textColor="" backgroundColor=""/>
    <tree path="/util/gconv/gconv_time.go" title="时间" extension="" presentableText="" tooltipTitle="" icon=""
          textColor="" backgroundColor=""/>
    <tree path="/util/gconv/gconv_uint.go" title="无符号整数"/>
    <tree path="/util/gconv/gconv_interface.go" title="内部" extension="" presentableText="" tooltipTitle="" icon=""
          textColor="" backgroundColor=""/>
    <tree path="/util/gconv/gconv_unsafe.go" title="非安全转换"/>
    
    
    <tree path="/util/gpage" title="分页类"/>
    <tree path="/core/grand" title="随机类"/>
    <tree path="/core/grand/grand.go" title="方法"/>
    <tree path="/core/grand/grand_buffer.go" title="内部"/>
    
    
    <tree path="/util/guid" title="uid类"/>
    <tree path="/util/guid/guid.go" title="方法"/>


    <tree path="/util/gutil" title="工具类"/>
    <tree path="/util/gvalid" title="效验类"/>
    <tree path="/container" title="数据结构"/>
   <tree path="/database" title="数据管理" extension="" presentableText="" tooltipTitle="" icon="" textColor=""
         backgroundColor=""/>
   <tree path="/debug" title="功能调试" extension="" presentableText="" tooltipTitle="" icon="" textColor=""
         backgroundColor=""/>
   <tree path="/os" title="系统相关"/>
   <tree path="/text" title="文本处理"/>
   <tree path="/encoding" title="编码解码"/>
   <tree path="/util" title="实用工具"/>
   <tree path="/test" title="单元测试"/>
   <tree path="/errors" title="错误管理"/>
   <tree path="/net" title="网络服务"/>
   <tree path="/contrib" title="第三方模块"/>
   <tree path="/internal" title="内部包"/>
    <tree path="/container/gring" title="循环链表类" extension="" presentableText="" tooltipTitle="" icon=""
          textColor="" backgroundColor=""/>
   <tree path="/container/gvar" title="泛型类"/>
   <tree path="/encoding/gbinary" title="字节集类"/>
   <tree path="/encoding/ghash" title="哈希类"/>
   <tree path="/encoding/gtoml" title="toml类"/>
   <tree path="/encoding/gxml" title="xml类"/>
   <tree path="/encoding/gyaml" title="yaml类"/>
   <tree path="/net/gipv4" title="ipv4类"/>
   <tree path="/net/gipv6" title="ipv6类"/>
   <tree path="/net/gtcp" title="tcp类"/>
   <tree path="/net/gudp" title="udp类"/>
   <tree path="/os/gbuild" title="构建信息类"/>
   <tree path="/os/gcron" title="定时cron类"/>
   <tree path="/os/gfpool" title="文件指针池类"/>
   <tree path="/os/gproc" title="进程类"/>
   <tree path="/os/gres" title="资源类"/>
   <tree path="/os/gspath" title="文件搜索类"/>
   <tree path="/os/gstructs" title="对象信息类"/>
   <tree path="/util/gmeta" title="元数据类"/>
   <tree path="/util/gmode" title="环境类"/>
   <tree path="/util/grand" title="随机类"/>
    <tree path="/util/gutil/gutil.go" title="取值或名称"/>
   <tree path="/util/gutil/gutil_comparator.go" title="比较"/>
    <tree path="/util/gutil/gutil_copy.go" title="深拷贝"/>
    <tree path="/util/gutil/gutil_default.go" title="取值或取默认值" extension="" presentableText="" tooltipTitle=""
          icon="" textColor="" backgroundColor=""/>
   <tree path="/util/gutil/gutil_dump.go" title="调试输出"/>
    <tree path="/util/gutil/gutil_goroutine.go" title="协程"/>
    <tree path="/util/gutil/gutil_list.go" title="结构体数组或Map数组"/>
    <tree path="/util/gutil/gutil_try_catch.go" title="异常捕捉"/>
   <tree path="/util/gutil/gutil_struct.go" title="结构体" extension="" presentableText="" tooltipTitle="" icon=""
         textColor="" backgroundColor=""/>
   <tree path="/util/gutil/gutil_slice.go" title="数组"/>
   <tree path="/util/gutil/gutil_map.go" title="map"/>


</trees>